account_id,account_name,brand_name,spend,spend_rank,account_share,spend_share,cumulative_spend_share
MJ-0482,漫剧品牌G-账号-0482,漫剧品牌G,11382.8634,1,0.0018148820326678765,0.05497446410714141,0.05497446410714141
MJ-0250,漫剧品牌C-账号-0250,漫剧品牌C,9338.76402,2,0.003629764065335753,0.04510231998589684,0.10007678409303825
MJ-0128,漫剧品牌C-账号-0128,漫剧品牌C,5128.31276,3,0.0054446460980036296,0.024767603356710337,0.12484438744974859
MJ-0310,漫剧品牌F-账号-0310,漫剧品牌F,4083.21579,4,0.007259528130671506,0.019720222583806818,0.14456461003355542
MJ-0113,漫剧品牌C-账号-0113,漫剧品牌C,4053.70836,5,0.009074410163339383,0.019577714051952785,0.16414232408550822
MJ-0321,漫剧品牌F-账号-0321,漫剧品牌F,4046.29215,6,0.010889292196007259,0.01954189686289155,0.18368422094839976
MJ-0204,漫剧品牌C-账号-0204,漫剧品牌C,3749.73149,7,0.012704174228675136,0.018109633047904524,0.20179385399630428
MJ-0304,漫剧品牌B-账号-0304,漫剧品牌B,3520.89819,8,0.014519056261343012,0.017004464023617653,0.21879831801992194
MJ-0114,漫剧品牌C-账号-0114,漫剧品牌C,3378.69299,9,0.016333938294010888,0.01631767245030853,0.23511599047023046
MJ-0521,漫剧品牌D-账号-0521,漫剧品牌D,3151.1739,10,0.018148820326678767,0.015218850510049236,0.2503348409802797
MJ-0059,漫剧品牌D-账号-0059,漫剧品牌D,2821.76099,11,0.019963702359346643,0.013627924083116626,0.26396276506339633
MJ-0115,漫剧品牌C-账号-0115,漫剧品牌C,2714.27644,12,0.021778584392014518,0.01310881871143596,0.2770715837748323
MJ-0456,漫剧品牌G-账号-0456,漫剧品牌G,2639.99718,13,0.023593466424682397,0.012750080987079623,0.28982166476191196
MJ-0479,漫剧品牌C-账号-0479,漫剧品牌C,2611.22919,14,0.025408348457350273,0.012611143640814922,0.3024328084027269
MJ-0102,漫剧品牌C-账号-0102,漫剧品牌C,2566.20095,15,0.02722323049001815,0.012393676095373962,0.31482648449810086
MJ-0465,漫剧品牌G-账号-0465,漫剧品牌G,2507.56759,16,0.029038112522686024,0.012110501516928164,0.326936986015029
MJ-0501,漫剧品牌G-账号-0501,漫剧品牌G,2391.85607,17,0.030852994555353903,0.011551663324859305,0.3384886493398883
MJ-0101,漫剧品牌C-账号-0101,漫剧品牌C,2390.70189,18,0.032667876588021776,0.01154608911872562,0.35003473845861394
MJ-0111,漫剧品牌C-账号-0111,漫剧品牌C,2357.87999,19,0.034482758620689655,0.011387573084572195,0.36142231154318616
MJ-0472,漫剧品牌C-账号-0472,漫剧品牌C,2347.42518,20,0.036297640653357534,0.011337080729802131,0.37275939227298827
MJ-0099,漫剧品牌C-账号-0099,漫剧品牌C,2292.9031,21,0.038112522686025406,0.011073761912323683,0.38383315418531194
MJ-0119,漫剧品牌C-账号-0119,漫剧品牌C,2289.53668,22,0.039927404718693285,0.011057503513276256,0.3948906576985882
MJ-0061,漫剧品牌D-账号-0061,漫剧品牌D,2275.40766,23,0.041742286751361164,0.010989266262633407,0.40587992396122163
MJ-0460,漫剧品牌C-账号-0460,漫剧品牌C,2271.06367,24,0.043557168784029036,0.010968286609803982,0.4168482105710256
MJ-0484,漫剧品牌C-账号-0484,漫剧品牌C,2260.16406,25,0.045372050816696916,0.010915646057275975,0.4277638566283016
MJ-0107,漫剧品牌C-账号-0107,漫剧品牌C,2260.09469,26,0.047186932849364795,0.010915311029221863,0.43867916765752346
MJ-0370,漫剧品牌C-账号-0370,漫剧品牌C,2230.882,27,0.04900181488203267,0.010774225968157348,0.4494533936256808
MJ-0510,漫剧品牌E-账号-0510,漫剧品牌E,2226.36853,28,0.050816696914700546,0.010752427797890835,0.46020582142357164
MJ-0036,漫剧品牌C-账号-0036,漫剧品牌C,1930.8693,29,0.05263157894736842,0.009325290245372816,0.46953111166894446
MJ-0454,漫剧品牌C-账号-0454,漫剧品牌C,1923.28583,30,0.0544464609800363,0.009288665260544959,0.4788197769294894
MJ-0360,漫剧品牌C-账号-0360,漫剧品牌C,1863.11891,31,0.056261343012704176,0.008998084229415546,0.48781786115890496
MJ-0134,漫剧品牌D-账号-0134,漫剧品牌D,1861.68007,32,0.05807622504537205,0.008991135234671752,0.49680899639357673
MJ-0292,漫剧品牌C-账号-0292,漫剧品牌C,1787.082,33,0.05989110707803993,0.008630857791504243,0.505439854185081
MJ-0120,漫剧品牌C-账号-0120,漫剧品牌C,1785.00947,34,0.06170598911070781,0.008620848339392573,0.5140607025244736
MJ-0457,漫剧品牌C-账号-0457,漫剧品牌C,1743.67938,35,0.06352087114337568,0.008421241310000485,0.522481943834474
MJ-0474,漫剧品牌G-账号-0474,漫剧品牌G,1679.96917,36,0.06533575317604355,0.008113547671780822,0.5305954915062548
MJ-0109,漫剧品牌C-账号-0109,漫剧品牌C,1515.66987,37,0.06715063520871144,0.007320050846484785,0.5379155423527396
MJ-0467,漫剧品牌C-账号-0467,漫剧品牌C,1495.26452,38,0.06896551724137931,0.007221501549901936,0.5451370439026416
MJ-0362,漫剧品牌C-账号-0362,漫剧品牌C,1442.07401,39,0.07078039927404718,0.006964613657982268,0.5521016575606239
MJ-0503,漫剧品牌C-账号-0503,漫剧品牌C,1427.32467,40,0.07259528130671507,0.006893380521473398,0.5589950380820973
MJ-0154,漫剧品牌D-账号-0154,漫剧品牌D,1392.12887,41,0.07441016333938294,0.006723399544294832,0.5657184376263921
MJ-0242,漫剧品牌C-账号-0242,漫剧品牌C,1339.8899,42,0.07622504537205081,0.006471107192156174,0.5721895448185482
MJ-0210,漫剧品牌B-账号-0210,漫剧品牌B,1334.57001,43,0.0780399274047187,0.006445414350945504,0.5786349591694937
MJ-0194,漫剧品牌G-账号-0194,漫剧品牌G,1286.70197,44,0.07985480943738657,0.006214231760556236,0.58484919093005
MJ-0124,漫剧品牌C-账号-0124,漫剧品牌C,1283.63767,45,0.08166969147005444,0.0061994324746082454,0.5910486234046581
MJ-0507,漫剧品牌D-账号-0507,漫剧品牌D,1281.22965,46,0.08348457350272233,0.006187802746269479,0.5972364261509276
MJ-0025,漫剧品牌C-账号-0025,漫剧品牌C,1266.33605,47,0.0852994555353902,0.006115872894363664,0.6033522990452913
MJ-0466,漫剧品牌C-账号-0466,漫剧品牌C,1261.57465,48,0.08711433756805807,0.006092877326007837,0.6094451763712991
MJ-0355,漫剧品牌C-账号-0355,漫剧品牌C,1228.55712,49,0.08892921960072596,0.005933416480866581,0.6153785928521657
MJ-0135,漫剧品牌C-账号-0135,漫剧品牌C,1174.06513,50,0.09074410163339383,0.0056702429854891614,0.6210488358376548
MJ-0504,漫剧品牌G-账号-0504,漫剧品牌G,1128.97775,51,0.0925589836660617,0.00545248981861069,0.6265013256562655
MJ-0060,漫剧品牌D-账号-0060,漫剧品牌D,1089.44338,52,0.09437386569872959,0.005261555364933292,0.6317628810211988
MJ-0131,漫剧品牌C-账号-0131,漫剧品牌C,1081.66694,53,0.09618874773139746,0.005223998415803837,0.6369868794370026
MJ-0118,漫剧品牌C-账号-0118,漫剧品牌C,1080.28678,54,0.09800362976406533,0.00521733282089016,0.6422042122578928
MJ-0105,漫剧品牌C-账号-0105,漫剧品牌C,1070.34078,55,0.0998185117967332,0.005169297805376434,0.6473735100632693
MJ-0531,漫剧品牌D-账号-0531,漫剧品牌D,1042.04044,56,0.10163339382940109,0.00503261901280216,0.6524061290760714
MJ-0348,漫剧品牌D-账号-0348,漫剧品牌D,1025.64581,57,0.10344827586206896,0.004953439814492105,0.6573595688905636
MJ-0001,漫剧品牌H-账号-0001,漫剧品牌H,1009.386,58,0.10526315789473684,0.004874911740331614,0.6622344806308952
MJ-0006,漫剧品牌H-账号-0006,漫剧品牌H,905.32843,59,0.10707803992740472,0.00437235724714132,0.6666068378780365
MJ-0486,漫剧品牌G-账号-0486,漫剧品牌G,905.19043,60,0.1088929219600726,0.0043716907649232525,0.6709785286429598
MJ-0148,漫剧品牌D-账号-0148,漫剧品牌D,896.67965,61,0.11070780399274047,0.004330587261069049,0.6753091159040289
MJ-0518,漫剧品牌H-账号-0518,漫剧品牌H,887.35169,62,0.11252268602540835,0.004285537119976004,0.6795946530240049
MJ-0039,漫剧品牌C-账号-0039,漫剧品牌C,885.88359,63,0.11433756805807622,0.004278446811683655,0.6838730998356886
MJ-0492,漫剧品牌G-账号-0492,漫剧品牌G,875.2958,64,0.1161524500907441,0.004227312219193601,0.6881004120548821
MJ-0373,漫剧品牌C-账号-0373,漫剧品牌C,857.12362,65,0.11796733212341198,0.004139548198660902,0.6922399602535431
MJ-0281,漫剧品牌C-账号-0281,漫剧品牌C,824.62073,66,0.11978221415607986,0.003982572849234907,0.6962225331027779
MJ-0459,漫剧品牌G-账号-0459,漫剧品牌G,817.85397,67,0.12159709618874773,0.003949892231742683,0.7001724253345206
MJ-0239,漫剧品牌B-账号-0239,漫剧品牌B,806.67553,68,0.12341197822141561,0.0038959050470634892,0.7040683303815841
MJ-0449,漫剧品牌G-账号-0449,漫剧品牌G,781.09818,69,0.12522686025408347,0.003772377156046999,0.7078407075376311
MJ-0112,漫剧品牌C-账号-0112,漫剧品牌C,770.16542,70,0.12704174228675136,0.0037195765028992167,0.7115602840405303
MJ-0495,漫剧品牌G-账号-0495,漫剧品牌G,736.85731,71,0.12885662431941924,0.003558712278026614,0.7151189963185569
MJ-0480,漫剧品牌C-账号-0480,漫剧品牌C,734.75253,72,0.1306715063520871,0.003548547071918331,0.7186675433904752
MJ-0288,漫剧品牌F-账号-0288,漫剧品牌F,716.51114,73,0.132486388384755,0.003460448796064527,0.7221279921865398
MJ-0090,漫剧品牌D-账号-0090,漫剧品牌D,712.69223,74,0.13430127041742287,0.003442005059779033,0.7255699972463188
MJ-0106,漫剧品牌C-账号-0106,漫剧品牌C,708.10888,75,0.13611615245009073,0.0034198693983719507,0.7289898666446907
MJ-0170,漫剧品牌D-账号-0170,漫剧品牌D,706.87797,76,0.13793103448275862,0.003413924618465858,0.7324037912631566
MJ-0028,漫剧品牌C-账号-0028,漫剧品牌C,698.69827,77,0.1397459165154265,0.00337442009238526,0.7357782113555419
MJ-0077,漫剧品牌D-账号-0077,漫剧品牌D,684.77417,78,0.14156079854809436,0.0033071725195404304,0.7390853838750823
MJ-0123,漫剧品牌C-账号-0123,漫剧品牌C,674.1225,79,0.14337568058076225,0.003255729413397549,0.7423411132884798
MJ-0157,漫剧品牌D-账号-0157,漫剧品牌D,669.67043,80,0.14519056261343014,0.003234227779422263,0.7455753410679021
MJ-0544,漫剧品牌D-账号-0544,漫剧品牌D,656.41993,81,0.147005444646098,0.0031702334125346065,0.7487455744804368
MJ-0550,漫剧品牌D-账号-0550,漫剧品牌D,652.00369,82,0.14882032667876588,0.0031489048224569533,0.7518944793028938
MJ-0104,漫剧品牌C-账号-0104,漫剧品牌C,635.23895,83,0.15063520871143377,0.0030679381478155307,0.7549624174507094
MJ-0073,漫剧品牌D-账号-0073,漫剧品牌D,632.40171,84,0.15245009074410162,0.003054235466595325,0.7580166529173047
MJ-0078,漫剧品牌D-账号-0078,漫剧品牌D,630.41579,85,0.1542649727767695,0.003044644304519212,0.7610612972218239
MJ-0376,漫剧品牌C-账号-0376,漫剧品牌C,623.9305,86,0.1560798548094374,0.0030133230692727803,0.7640746202910967
MJ-0543,漫剧品牌H-账号-0543,漫剧品牌H,611.58007,87,0.15789473684210525,0.00295367566361712,0.7670282959547139
MJ-0524,漫剧品牌D-账号-0524,漫剧品牌D,609.42026,88,0.15970961887477314,0.00294324468565043,0.7699715406403643
MJ-0471,漫剧品牌G-账号-0471,漫剧品牌G,607.39919,89,0.16152450090744103,0.0029334837637919613,0.7729050244041563
MJ-0044,漫剧品牌C-账号-0044,漫剧品牌C,596.38429,90,0.16333938294010888,0.00288028640883699,0.7757853108129933
MJ-0158,漫剧品牌D-账号-0158,漫剧品牌D,593.14611,91,0.16515426497277677,0.0028646473552942356,0.7786499581682875
MJ-0005,漫剧品牌C-账号-0005,漫剧品牌C,589.41093,92,0.16696914700544466,0.0028466079998501815,0.7814965661681377
MJ-0526,漫剧品牌D-账号-0526,漫剧品牌D,586.02673,93,0.16878402903811252,0.002830263730847411,0.7843268298989851
MJ-0137,漫剧品牌C-账号-0137,漫剧品牌C,566.02875,94,0.1705989110707804,0.002733681860794808,0.7870605117597799
MJ-0215,漫剧品牌G-账号-0215,漫剧品牌G,565.70202,95,0.1724137931034483,0.0027321038916998147,0.7897926156514797
MJ-0470,漫剧品牌G-账号-0470,漫剧品牌G,559.21043,96,0.17422867513611615,0.0027007522300912536,0.792493367881571
MJ-0138,漫剧品牌D-账号-0138,漫剧品牌D,550.72399,97,0.17604355716878403,0.0026597662782456566,0.7951531341598166
MJ-0156,漫剧品牌D-账号-0156,漫剧品牌D,548.0431,98,0.17785843920145192,0.0026468187020601956,0.7977999528618768
MJ-0317,漫剧品牌E-账号-0317,漫剧品牌E,537.14377,99,0.17967332123411978,0.0025941795018149492,0.8003941323636917
MJ-0009,漫剧品牌C-账号-0009,漫剧品牌C,532.19734,100,0.18148820326678766,0.0025702903160329704,0.8029644226797247
MJ-0070,漫剧品牌D-账号-0070,漫剧品牌D,529.85237,101,0.18330308529945555,0.0025589650927945605,0.8055233877725192
MJ-0122,漫剧品牌C-账号-0122,漫剧品牌C,527.78986,102,0.1851179673321234,0.0025490040330874205,0.8080723918056066
MJ-0048,漫剧品牌C-账号-0048,漫剧品牌C,519.0642,103,0.1869328493647913,0.0025068627488055483,0.8105792545544122
MJ-0018,漫剧品牌B-账号-0018,漫剧品牌B,502.39328,104,0.18874773139745918,0.002426349185480785,0.813005603739893
MJ-0140,漫剧品牌D-账号-0140,漫剧品牌D,476.61049,105,0.19056261343012704,0.0023018291052840077,0.8153074328451769
MJ-0349,漫剧品牌D-账号-0349,漫剧品牌D,470.714,106,0.19237749546279492,0.002273351527501328,0.8175807843726782
MJ-0063,漫剧品牌D-账号-0063,漫剧品牌D,468.49238,107,0.19419237749546278,0.002262622033115082,0.8198434064057933
MJ-0374,漫剧品牌C-账号-0374,漫剧品牌C,463.88435,108,0.19600725952813067,0.0022403671776417542,0.8220837735834351
MJ-0171,漫剧品牌G-账号-0171,漫剧品牌G,460.31038,109,0.19782214156079855,0.002223106398997516,0.8243068799824326
MJ-0136,漫剧品牌D-账号-0136,漫剧品牌D,459.24681,110,0.1996370235934664,0.0022179698012245483,0.8265248497836571
MJ-0084,漫剧品牌D-账号-0084,漫剧品牌D,454.13996,111,0.2014519056261343,0.002193305854011973,0.8287181556376692
MJ-0511,漫剧品牌D-账号-0511,漫剧品牌D,428.47353,112,0.20326678765880218,0.0020693477438941395,0.8307875033815633
MJ-0020,漫剧品牌C-账号-0020,漫剧品牌C,425.21521,113,0.20508166969147004,0.0020536114225841976,0.8328411148041475
MJ-0437,漫剧品牌G-账号-0437,漫剧品牌G,423.7592,114,0.20689655172413793,0.002046579503929649,0.8348876943080771
MJ-0357,漫剧品牌C-账号-0357,漫剧品牌C,421.24653,115,0.20871143375680581,0.002034444359908849,0.8369221386679859
MJ-0169,漫剧品牌G-账号-0169,漫剧品牌G,409.88565,116,0.21052631578947367,0.001979576066419046,0.838901714734405
MJ-0168,漫剧品牌D-账号-0168,漫剧品牌D,407.47697,117,0.21234119782214156,0.0019679431505566286,0.8408696578849616
MJ-0354,漫剧品牌C-账号-0354,漫剧品牌C,406.99323,118,0.21415607985480944,0.001965606888903239,0.8428352647738648
MJ-0143,漫剧品牌D-账号-0143,漫剧品牌D,389.0271,119,0.2159709618874773,0.0018788380035954144,0.8447141027774603
MJ-0021,漫剧品牌B-账号-0021,漫剧品牌B,388.35091,120,0.2177858439201452,0.001875572289022699,0.846589675066483
MJ-0538,漫剧品牌D-账号-0538,漫剧品牌D,388.05928,121,0.21960072595281308,0.001874163838230997,0.848463838904714
MJ-0307,漫剧品牌F-账号-0307,漫剧品牌F,383.54844,122,0.22141560798548093,0.0018523783697632777,0.8503162172744773
MJ-0300,漫剧品牌G-账号-0300,漫剧品牌G,382.22605,123,0.22323049001814882,0.0018459917797607442,0.852162209054238
MJ-0378,漫剧品牌C-账号-0378,漫剧品牌C,382.16421,124,0.2250453720508167,0.0018456931184537497,0.8540079021726917
MJ-0453,漫剧品牌G-账号-0453,漫剧品牌G,381.10115,125,0.22686025408348456,0.0018405589837672404,0.855848461156459
MJ-0035,漫剧品牌C-账号-0035,漫剧品牌C,379.25314,126,0.22867513611615245,0.0018316338692468779,0.8576800950257059
MJ-0092,漫剧品牌D-账号-0092,漫剧品牌D,378.24487,127,0.23049001814882034,0.0018267643473192665,0.8595068593730252
MJ-0347,漫剧品牌D-账号-0347,漫剧品牌D,375.5523,128,0.2323049001814882,0.0018137603616243344,0.8613206197346495
MJ-0103,漫剧品牌C-账号-0103,漫剧品牌C,367.70458,129,0.23411978221415608,0.0017758591599405038,0.86309647889459
MJ-0201,漫剧品牌G-账号-0201,漫剧品牌G,361.37452,130,0.23593466424682397,0.0017452876205977712,0.8648417665151877
MJ-0517,漫剧品牌F-账号-0517,漫剧品牌F,360.50931,131,0.23774954627949182,0.0017411090185695556,0.8665828755337573
MJ-0166,漫剧品牌D-账号-0166,漫剧品牌D,360.22397,132,0.2395644283121597,0.0017397309458441698,0.8683226064796015
MJ-0485,漫剧品牌H-账号-0485,漫剧品牌H,356.43841,133,0.2413793103448276,0.0017214482760947083,0.8700440547556961
MJ-0233,漫剧品牌G-账号-0233,漫剧品牌G,350.95353,134,0.24319419237749546,0.0016949586022669458,0.8717390133579631
MJ-0372,漫剧品牌C-账号-0372,漫剧品牌C,350.72834,135,0.24500907441016334,0.001693871028856174,0.8734328843868193
MJ-0197,漫剧品牌G-账号-0197,漫剧品牌G,347.554,136,0.24682395644283123,0.0016785402957829945,0.8751114246826023
MJ-0057,漫剧品牌D-账号-0057,漫剧品牌D,347.38078,137,0.24863883847549909,0.001677703715711882,0.8767891283983141
MJ-0159,漫剧品牌D-账号-0159,漫剧品牌D,344.22097,138,0.25045372050816694,0.0016624431564548512,0.8784515715547689
MJ-0065,漫剧品牌D-账号-0065,漫剧品牌D,342.3293,139,0.25226860254083483,0.0016533071824153527,0.8801048787371842
MJ-0325,漫剧品牌E-账号-0325,漫剧品牌E,337.03817,140,0.2540834845735027,0.0016277532399625934,0.8817326319771468
MJ-0440,漫剧品牌G-账号-0440,漫剧品牌G,333.8161,141,0.2558983666061706,0.0016121919909744262,0.8833448239681212
MJ-0130,漫剧品牌C-账号-0130,漫剧品牌C,330.34915,142,0.2577132486388385,0.0015954480741198803,0.8849402720422411
MJ-0493,漫剧品牌D-账号-0493,漫剧品牌D,329.09628,143,0.2595281306715064,0.0015893972366086513,0.8865296692788498
MJ-0095,漫剧品牌D-账号-0095,漫剧品牌D,323.46154,144,0.2613430127041742,0.0015621838017287183,0.8880918530805785
MJ-0216,漫剧品牌G-账号-0216,漫剧品牌G,323.33709,145,0.2631578947368421,0.0015615827603371354,0.8896534358409156
MJ-0313,漫剧品牌E-账号-0313,漫剧品牌E,305.89073,146,0.26497277676951,0.001477324146496591,0.8911307599874122
MJ-0285,漫剧品牌C-账号-0285,漫剧品牌C,303.73944,147,0.26678765880217786,0.0014669343165624944,0.8925976943039747
MJ-0116,漫剧品牌C-账号-0116,漫剧品牌C,299.22025,148,0.26860254083484575,0.0014451085210910007,0.8940428028250658
MJ-0284,漫剧品牌F-账号-0284,漫剧品牌F,296.33058,149,0.27041742286751363,0.0014311526249237423,0.8954739554499895
MJ-0293,漫剧品牌G-账号-0293,漫剧品牌G,292.89522,150,0.27223230490018147,0.0014145612745421583,0.8968885167245317
MJ-0301,漫剧品牌F-账号-0301,漫剧品牌F,292.59007,151,0.27404718693284935,0.001413087527811411,0.8983016042523432
MJ-0110,漫剧品牌C-账号-0110,漫剧品牌C,280.02054,152,0.27586206896551724,0.0013523819608950375,0.8996539862132382
MJ-0431,漫剧品牌G-账号-0431,漫剧品牌G,276.09584,153,0.2776769509981851,0.0013334273032048383,0.9009874135164431
MJ-0069,漫剧品牌D-账号-0069,漫剧品牌D,274.62695,154,0.279491833030853,0.00132633317954327,0.9023137466959863
MJ-0327,漫剧品牌E-账号-0327,漫剧品牌E,270.41039,155,0.2813067150635209,0.001305968960257672,0.903619715656244
MJ-0217,漫剧品牌G-账号-0217,漫剧品牌G,269.562,156,0.2831215970961887,0.00130187159178676,0.9049215872480307
MJ-0176,漫剧品牌G-账号-0176,漫剧品牌G,267.29305,157,0.2849364791288566,0.001290913513318042,0.9062125007613487
MJ-0160,漫剧品牌D-账号-0160,漫剧品牌D,266.473,158,0.2867513611615245,0.0012869530151808984,0.9074994537765296
MJ-0139,漫剧品牌D-账号-0139,漫剧品牌D,266.21636,159,0.2885662431941924,0.0012857135514385454,0.9087851673279682
MJ-0199,漫剧品牌G-账号-0199,漫剧品牌G,254.53001,160,0.29038112522686027,0.0012292733741261748,0.9100144407020944
MJ-0277,漫剧品牌D-账号-0277,漫剧品牌D,253.81802,161,0.29219600725952816,0.0012258347605432654,0.9112402754626376
MJ-0071,漫剧品牌D-账号-0071,漫剧品牌D,250.71731,162,0.294010889292196,0.0012108596295404936,0.9124511350921781
MJ-0238,漫剧品牌G-账号-0238,漫剧品牌G,249.86256,163,0.2958257713248639,0.0012067315449325751,0.9136578666371107
MJ-0430,漫剧品牌D-账号-0430,漫剧品牌D,249.66342,164,0.29764065335753176,0.0012057697821144168,0.9148636364192251
MJ-0520,漫剧品牌G-账号-0520,漫剧品牌G,241.26771,165,0.29945553539019965,0.0011652220181792923,0.9160288584374043
MJ-0298,漫剧品牌F-账号-0298,漫剧品牌F,240.48821,166,0.30127041742286753,0.001161457359563472,0.9171903157969679
MJ-0280,漫剧品牌F-账号-0280,漫剧品牌F,237.9581,167,0.3030852994555354,0.0011492379876449686,0.9183395537846128
MJ-0481,漫剧品牌H-账号-0481,漫剧品牌H,232.08135,168,0.30490018148820325,0.00112085574579696,0.9194604095304099
MJ-0534,漫剧品牌F-账号-0534,漫剧品牌F,229.68256,169,0.30671506352087113,0.0011092705944935044,0.9205696801249034
MJ-0540,漫剧品牌F-账号-0540,漫剧品牌F,228.34604,170,0.308529945553539,0.0011028157625073383,0.9216724958874107
MJ-0367,漫剧品牌C-账号-0367,漫剧品牌C,228.00167,171,0.3103448275862069,0.001101152599598384,0.9227736484870092
MJ-0093,漫剧品牌D-账号-0093,漫剧品牌D,223.92205,172,0.3121597096188748,0.0010814497431746852,0.9238550982301839
MJ-0076,漫剧品牌D-账号-0076,漫剧品牌D,220.38431,173,0.3139745916515426,0.001064363940260596,0.9249194621704444
MJ-0086,漫剧品牌D-账号-0086,漫剧品牌D,213.46321,174,0.3157894736842105,0.0010309379251920204,0.9259504000956365
MJ-0121,漫剧品牌C-账号-0121,漫剧品牌C,205.08926,175,0.3176043557168784,0.0009904952529457738,0.9269408953485823
MJ-0220,漫剧品牌G-账号-0220,漫剧品牌G,204.25289,176,0.3194192377495463,0.0009864559360419718,0.9279273512846242
MJ-0211,漫剧品牌G-账号-0211,漫剧品牌G,200.07373,177,0.32123411978221417,0.0009662723430966325,0.9288936236277209
MJ-0196,漫剧品牌G-账号-0196,漫剧品牌G,198.90488,178,0.32304900181488205,0.0009606272870054179,0.9298542509147263
MJ-0542,漫剧品牌H-账号-0542,漫剧品牌H,197.23361,179,0.3248638838475499,0.0009525557526823107,0.9308068066674086
MJ-0212,漫剧品牌G-账号-0212,漫剧品牌G,195.2695,180,0.32667876588021777,0.00094306992377414,0.9317498765911827
MJ-0427,漫剧品牌G-账号-0427,漫剧品牌G,195.04553,181,0.32849364791288566,0.0009419882424525426,0.9326918648336352
MJ-0223,漫剧品牌G-账号-0223,漫剧品牌G,194.65204,182,0.33030852994555354,0.0009400878505106064,0.9336319526841458
MJ-0206,漫剧品牌G-账号-0206,漫剧品牌G,194.46896,183,0.33212341197822143,0.0009392036507679709,0.9345711563349137
MJ-0004,漫剧品牌F-账号-0004,漫剧品牌F,194.4601,184,0.3339382940108893,0.0009391608606777385,0.9355103171955914
MJ-0230,漫剧品牌B-账号-0230,漫剧品牌B,190.72952,185,0.33575317604355714,0.0009211437213076201,0.936431460916899
MJ-0530,漫剧品牌H-账号-0530,漫剧品牌H,189.08092,186,0.33756805807622503,0.0009131816735923647,0.9373446425904913
MJ-0153,漫剧品牌D-账号-0153,漫剧品牌D,186.70776,187,0.3393829401088929,0.0009017203044573804,0.9382463628949487
MJ-0145,漫剧品牌D-账号-0145,漫剧品牌D,184.49897,188,0.3411978221415608,0.0008910527735990892,0.9391374156685478
MJ-0351,漫剧品牌C-账号-0351,漫剧品牌C,183.84966,189,0.3430127041742287,0.0008879168781714583,0.9400253325467193
MJ-0192,漫剧品牌E-账号-0192,漫剧品牌E,181.02382,190,0.3448275862068966,0.0008742692541779625,0.9408996018008973
MJ-0224,漫剧品牌G-账号-0224,漫剧品牌G,179.88707,191,0.3466424682395644,0.0008687792276461679,0.9417683810285434
MJ-0490,漫剧品牌D-账号-0490,漫剧品牌D,177.04193,192,0.3484573502722323,0.0008550383927337687,0.9426234194212773
MJ-0442,漫剧品牌G-账号-0442,漫剧品牌G,175.44101,193,0.3502722323049002,0.0008473066194544368,0.9434707260407317
MJ-0353,漫剧品牌C-账号-0353,漫剧品牌C,173.42704,194,0.35208711433756806,0.0008375799876231297,0.9443083060283548
MJ-0066,漫剧品牌D-账号-0066,漫剧品牌D,172.47245,195,0.35390199637023595,0.0008329697176191837,0.945141275745974
MJ-0165,漫剧品牌D-账号-0165,漫剧品牌D,172.34562,196,0.35571687840290384,0.0008323571818241297,0.9459736329277981
MJ-0003,漫剧品牌D-账号-0003,漫剧品牌D,172.25698,197,0.35753176043557167,0.000831929087738554,0.9468055620155367
MJ-0126,漫剧品牌C-账号-0126,漫剧品牌C,170.02102,198,0.35934664246823955,0.0008211303371566043,0.9476266923526933
MJ-0547,漫剧品牌F-账号-0547,漫剧品牌F,168.32625,199,0.36116152450090744,0.0008129453076731739,0.9484396376603664
MJ-0172,漫剧品牌D-账号-0172,漫剧品牌D,168.11661,200,0.3629764065335753,0.000811932834251467,0.949251570494618
MJ-0350,漫剧品牌D-账号-0350,漫剧品牌D,168.09604,201,0.3647912885662432,0.0008118334897643246,0.9500634039843823
MJ-0229,漫剧品牌G-账号-0229,漫剧品牌G,166.96773,202,0.3666061705989111,0.0008063842248986205,0.9508697882092809
MJ-0094,漫剧品牌D-账号-0094,漫剧品牌D,165.59414,203,0.3684210526315789,0.0007997503603340218,0.9516695385696149
MJ-0150,漫剧品牌D-账号-0150,漫剧品牌D,163.11164,204,0.3702359346642468,0.0007877609247807515,0.9524572994943956
MJ-0487,漫剧品牌G-账号-0487,漫剧品牌G,162.99002,205,0.3720508166969147,0.0007871735511042203,0.9532444730454999
MJ-0125,漫剧品牌C-账号-0125,漫剧品牌C,161.13148,206,0.3738656987295826,0.000778197581092871,0.9540226706265927
MJ-0377,漫剧品牌C-账号-0377,漫剧品牌C,160.68464,207,0.37568058076225047,0.0007760395309890952,0.9547987101575819
MJ-0296,漫剧品牌C-账号-0296,漫剧品牌C,156.12393,208,0.37749546279491836,0.0007540132113024265,0.9555527233688843
MJ-0207,漫剧品牌G-账号-0207,漫剧品牌G,155.97726,209,0.3793103448275862,0.0007533048566145722,0.9563060282254989
MJ-0072,漫剧品牌D-账号-0072,漫剧品牌D,155.28696,210,0.3811252268602541,0.0007499709966498502,0.9570559992221488
MJ-0469,漫剧品牌H-账号-0469,漫剧品牌H,152.87266,211,0.38294010889292196,0.0007383109385405812,0.9577943101606894
MJ-0146,漫剧品牌D-账号-0146,漫剧品牌D,152.65137,212,0.38475499092558985,0.0007372422004968417,0.9585315523611863
MJ-0358,漫剧品牌C-账号-0358,漫剧品牌C,151.35178,213,0.38656987295825773,0.0007309657249477281,0.9592625180861339
MJ-0271,漫剧品牌E-账号-0271,漫剧品牌E,150.53023,214,0.38838475499092556,0.0007269979824386489,0.9599895160685726
MJ-0286,漫剧品牌D-账号-0286,漫剧品牌D,149.69078,215,0.39019963702359345,0.0007229437904244726,0.9607124598589971
MJ-0319,漫剧品牌E-账号-0319,漫剧品牌E,149.49352,216,0.39201451905626133,0.0007219911072191401,0.9614344509662163
MJ-0276,漫剧品牌G-账号-0276,漫剧品牌G,147.5052,217,0.3938294010889292,0.0007123883541479304,0.9621468393203642
MJ-0203,漫剧品牌G-账号-0203,漫剧品牌G,146.95317,218,0.3956442831215971,0.0007097222803882237,0.9628565616007524
MJ-0097,漫剧品牌D-账号-0097,漫剧品牌D,145.31123,219,0.397459165154265,0.000701792397684362,0.9635583539984367
MJ-0058,漫剧品牌D-账号-0058,漫剧品牌D,143.66771,220,0.3992740471869328,0.0006938548842420617,0.9642522088826787
MJ-0075,漫剧品牌D-账号-0075,漫剧品牌D,141.41445,221,0.4010889292196007,0.000682972581903789,0.9649351814645825
MJ-0083,漫剧品牌D-账号-0083,漫剧品牌D,140.99789,222,0.4029038112522686,0.0006809607715214849,0.9656161422361039
MJ-0329,漫剧品牌E-账号-0329,漫剧品牌E,137.42339,223,0.4047186932849365,0.0006636974331991628,0.9662798396693031
MJ-0434,漫剧品牌G-账号-0434,漫剧品牌G,136.61571,224,0.40653357531760437,0.0006597966769825806,0.9669396363462857
MJ-0429,漫剧品牌G-账号-0429,漫剧品牌G,130.33594,225,0.40834845735027225,0.0006294680172829392,0.9675691043635686
MJ-0451,漫剧品牌G-账号-0451,漫剧品牌G,127.17474,226,0.4101633393829401,0.0006142007449079148,0.9681833051084765
MJ-0088,漫剧品牌D-账号-0088,漫剧品牌D,126.98178,227,0.41197822141560797,0.0006132688289021308,0.9687965739373786
MJ-0081,漫剧品牌D-账号-0081,漫剧品牌D,126.97538,228,0.41379310344827586,0.0006132379195818725,0.9694098118569605
MJ-0129,漫剧品牌C-账号-0129,漫剧品牌C,125.9557,229,0.41560798548094374,0.0006083132921317382,0.9700181251490922
MJ-0149,漫剧品牌D-账号-0149,漫剧品牌D,124.47311,230,0.41742286751361163,0.0006011530032064924,0.9706192781522988
MJ-0191,漫剧品牌G-账号-0191,漫剧品牌G,124.0656,231,0.4192377495462795,0.0005991849005348656,0.9712184630528337
MJ-0315,漫剧品牌E-账号-0315,漫剧品牌E,123.95474,232,0.42105263157894735,0.0005986494931530186,0.9718171125459867
MJ-0509,漫剧品牌F-账号-0509,漫剧品牌F,123.06044,233,0.42286751361161523,0.000594330398605067,0.9724114429445917
MJ-0275,漫剧品牌F-账号-0275,漫剧品牌F,122.01149,234,0.4246823956442831,0.0005892644093105643,0.9730007073539023
MJ-0067,漫剧品牌D-账号-0067,漫剧品牌D,121.71102,235,0.426497277676951,0.0005878132650202558,0.9735885206189225
MJ-0155,漫剧品牌D-账号-0155,漫剧品牌D,121.29872,236,0.4283121597096189,0.0005858220286542484,0.9741743426475767
MJ-0234,漫剧品牌B-账号-0234,漫剧品牌B,121.12262,237,0.4301270417422868,0.0005849715393890194,0.9747593141869657
MJ-0283,漫剧品牌D-账号-0283,漫剧品牌D,120.97644,238,0.4319419237749546,0.0005842655511959974,0.9753435797381617
MJ-0195,漫剧品牌G-账号-0195,漫剧品牌G,119.61161,239,0.4337568058076225,0.0005776739937635021,0.9759212537319252
MJ-0082,漫剧品牌D-账号-0082,漫剧品牌D,118.92106,240,0.4355716878402904,0.0005743389264034574,0.9764955926583286
MJ-0267,漫剧品牌E-账号-0267,漫剧品牌E,118.62135,241,0.43738656987295826,0.0005728914525949295,0.9770684841109236
MJ-0132,漫剧品牌C-账号-0132,漫剧品牌C,118.15571,242,0.43920145190562615,0.0005706426063628953,0.9776391267172865
MJ-0282,漫剧品牌G-账号-0282,漫剧品牌G,115.19367,243,0.44101633393829404,0.0005563371933976553,0.9781954639106841
MJ-0162,漫剧品牌D-账号-0162,漫剧品牌D,113.62012,244,0.44283121597096187,0.00054873760575824,0.9787442015164424
MJ-0161,漫剧品牌D-账号-0161,漫剧品牌D,113.03322,245,0.44464609800362975,0.0005459031244989392,0.9792901046409414
MJ-0532,漫剧品牌D-账号-0532,漫剧品牌D,112.28936,246,0.44646098003629764,0.0005423105921603065,0.9798324152331016
MJ-0274,漫剧品牌E-账号-0274,漫剧品牌E,112.04685,247,0.4482758620689655,0.0005411393704015861,0.9803735546035032
MJ-0187,漫剧品牌G-账号-0187,漫剧品牌G,111.60662,248,0.4500907441016334,0.0005390132438301394,0.9809125678473333
MJ-0098,漫剧品牌D-账号-0098,漫剧品牌D,110.31779,249,0.4519056261343013,0.0005327887345757099,0.981445356581909
MJ-0127,漫剧品牌C-账号-0127,漫剧品牌C,109.62068,250,0.4537205081669691,0.0005294219851624006,0.9819747785670714
MJ-0062,漫剧品牌D-账号-0062,漫剧品牌D,108.78182,251,0.455535390199637,0.0005253706426011856,0.9825001492096725
MJ-0068,漫剧品牌D-账号-0068,漫剧品牌D,108.46529,252,0.4573502722323049,0.0005238419352353542,0.9830239911449079
MJ-0152,漫剧品牌D-账号-0152,漫剧品牌D,108.21683,253,0.4591651542649728,0.0005226419774679562,0.9835466331223759
MJ-0489,漫剧品牌G-账号-0489,漫剧品牌G,105.75709,254,0.46098003629764067,0.0005107624631848541,0.9840573955855607
MJ-0079,漫剧品牌D-账号-0079,漫剧品牌D,100.06628,255,0.4627949183303085,0.00048327823368197163,0.9845406738192427
MJ-0225,漫剧品牌B-账号-0225,漫剧品牌B,99.34642,256,0.4646098003629764,0.0004798016112943071,0.9850204754305371
MJ-0488,漫剧品牌F-账号-0488,漫剧品牌F,98.24397,257,0.4664246823956443,0.0004744772394007713,0.9854949526699378
MJ-0302,漫剧品牌G-账号-0302,漫剧品牌G,93.7674,258,0.46823956442831216,0.00045285728068387174,0.9859478099506217
MJ-0323,漫剧品牌E-账号-0323,漫剧品牌E,93.2949,259,0.47005444646098005,0.00045057530352418586,0.9863983852541459
MJ-0089,漫剧品牌D-账号-0089,漫剧品牌D,89.68562,260,0.47186932849364793,0.00043314399236458583,0.9868315292465105
MJ-0359,漫剧品牌C-账号-0359,漫剧品牌C,87.20907,261,0.47368421052631576,0.0004211832928199931,0.9872527125393306
MJ-0133,漫剧品牌C-账号-0133,漫剧品牌C,86.48662,262,0.47549909255898365,0.0004176941618167866,0.9876704067011474
MJ-0297,漫剧品牌G-账号-0297,漫剧品牌G,84.44147,263,0.47731397459165154,0.00040781694364084675,0.9880782236447883
MJ-0375,漫剧品牌C-账号-0375,漫剧品牌C,83.96988,264,0.4791288566243194,0.00040553936140013514,0.9884837630061883
MJ-0226,漫剧品牌G-账号-0226,漫剧品牌G,83.51859,265,0.4809437386569873,0.0004033598196596174,0.988887122825848
MJ-0108,漫剧品牌C-账号-0108,漫剧品牌C,78.64083,266,0.4827586206896552,0.0003798022812248462,0.9892669251070728
MJ-0100,漫剧品牌C-账号-0100,漫剧品牌C,77.97289,267,0.484573502722323,0.00037657641069777624,0.9896435015177706
MJ-0322,漫剧品牌E-账号-0322,漫剧品牌E,73.06081,268,0.4863883847549909,0.00035285312103312057,0.9899963546388038
MJ-0208,漫剧品牌C-账号-0208,漫剧品牌C,72.8053,269,0.4882032667876588,0.00035161911471762565,0.9903479737535213
MJ-0533,漫剧品牌D-账号-0533,漫剧品牌D,70.96856,270,0.4900181488203267,0.00034274842957840565,0.9906907221830997
MJ-0278,漫剧品牌E-账号-0278,漫剧品牌E,69.02431,271,0.49183303085299457,0.0003333585161546612,0.9910240806992544
MJ-0514,漫剧品牌F-账号-0514,漫剧品牌F,66.66838,272,0.49364791288566245,0.00032198036070530935,0.9913460610599597
MJ-0508,漫剧品牌D-账号-0508,漫剧品牌D,62.49129,273,0.4954627949183303,0.000301806764993241,0.991647867824953
MJ-0096,漫剧品牌D-账号-0096,漫剧品牌D,60.16671,274,0.49727767695099817,0.00029058001691734136,0.9919384478418704
MJ-0228,漫剧品牌B-账号-0228,漫剧品牌B,60.00704,275,0.49909255898366606,0.00028980887767271273,0.9922282567195431
MJ-0473,漫剧品牌D-账号-0473,漫剧品牌D,56.99276,276,0.5009074410163339,0.0002752511673808652,0.992503507886924
MJ-0546,漫剧品牌F-账号-0546,漫剧品牌F,56.91995,277,0.5027223230490018,0.0002748995255671155,0.9927784074124911
MJ-0496,漫剧品牌F-账号-0496,漫剧品牌F,55.97875,278,0.5045372050816697,0.000270353923656647,0.9930487613361477
MJ-0311,漫剧品牌E-账号-0311,漫剧品牌E,54.48686,279,0.5063520871143375,0.000263148719625401,0.9933119100557731
MJ-0142,漫剧品牌D-账号-0142,漫剧品牌D,54.29732,280,0.5081669691470054,0.00026223332078762987,0.9935741433765608
MJ-0498,漫剧品牌F-账号-0498,漫剧品牌F,54.11646,281,0.5099818511796733,0.00026135984271545885,0.9938355032192763
MJ-0290,漫剧品牌F-账号-0290,漫剧品牌F,53.40356,282,0.5117967332123412,0.00025791683421357513,0.9940934200534899
MJ-0505,漫剧品牌D-账号-0505,漫剧品牌D,50.59444,283,0.5136116152450091,0.0002443499608192539,0.9943377700143091
MJ-0545,漫剧品牌D-账号-0545,漫剧品牌D,49.36661,284,0.515426497277677,0.00023842005602353516,0.9945761900703326
MJ-0458,漫剧品牌E-账号-0458,漫剧品牌E,46.09086,285,0.5172413793103449,0.00022259955511170235,0.9947987896254443
MJ-0074,漫剧品牌D-账号-0074,漫剧品牌D,44.48665,286,0.5190562613430127,0.00021485189250992524,0.9950136415179542
MJ-0326,漫剧品牌E-账号-0326,漫剧品牌E,43.36249,287,0.5208711433756806,0.0002094226704065761,0.9952230641883608
MJ-0270,漫剧品牌E-账号-0270,漫剧品牌E,43.03074,288,0.5226860254083484,0.00020782045681350564,0.9954308846451744
MJ-0356,漫剧品牌C-账号-0356,漫剧品牌C,42.38822,289,0.5245009074410163,0.00020471735424283606,0.9956356019994173
MJ-0425,漫剧品牌G-账号-0425,漫剧品牌G,40.62916,290,0.5263157894736842,0.00019622183097824976,0.9958318238303955
MJ-0257,漫剧品牌F-账号-0257,漫剧品牌F,40.50663,291,0.5281306715063521,0.00019563006238274434,0.9960274538927782
MJ-0167,漫剧品牌D-账号-0167,漫剧品牌D,39.19503,292,0.52994555353902,0.00018929558356233376,0.9962167494763405
MJ-0340,漫剧品牌C-账号-0340,漫剧品牌C,34.96459,293,0.5317604355716878,0.0001688643296884258,0.996385613806029
MJ-0537,漫剧品牌D-账号-0537,漫剧品牌D,33.4602,294,0.5335753176043557,0.00016159875589105048,0.99654721256192
MJ-0455,漫剧品牌G-账号-0455,漫剧品牌G,33.15871,295,0.5353901996370236,0.00016014268542782572,0.9967073552473479
MJ-0055,漫剧品牌C-账号-0055,漫剧品牌C,30.26452,296,0.5372050816696915,0.00014616495955313522,0.996853520206901
MJ-0042,漫剧品牌C-账号-0042,漫剧品牌C,29.32218,297,0.5390199637023594,0.00014161385191999577,0.996995134058821
MJ-0273,漫剧品牌E-账号-0273,漫剧品牌E,28.69485,298,0.5408348457350273,0.00013858411068912646,0.9971337181695101
MJ-0190,漫剧品牌G-账号-0190,漫剧品牌G,28.40414,299,0.542649727767695,0.0001371801031122116,0.9972708982726224
MJ-0087,漫剧品牌D-账号-0087,漫剧品牌D,27.58353,300,0.5444646098003629,0.00013321690040954528,0.997404115173032
MJ-0464,漫剧品牌E-账号-0464,漫剧品牌E,26.83142,301,0.5462794918330308,0.00012958452402526732,0.9975336996970572
MJ-0525,漫剧品牌G-账号-0525,漫剧品牌G,25.22141,302,0.5480943738656987,0.00012180884985200624,0.9976555085469092
MJ-0529,漫剧品牌F-账号-0529,漫剧品牌F,23.6496,303,0.5499092558983666,0.00011421766568403618,0.9977697262125933
MJ-0476,漫剧品牌D-账号-0476,漫剧品牌D,22.85277,304,0.5517241379310345,0.00011036931042445417,0.9978800955230177
MJ-0303,漫剧品牌B-账号-0303,漫剧品牌B,21.87844,305,0.5535390199637024,0.00010566370448583674,0.9979857592275035
MJ-0536,漫剧品牌H-账号-0536,漫剧品牌H,21.34144,306,0.5553539019963702,0.0001030702193329239,0.9980888294468365
MJ-0010,漫剧品牌B-账号-0010,漫剧品牌B,20.98873,307,0.5571687840290381,0.0001013667777160079,0.9981901962245525
MJ-0345,漫剧品牌C-账号-0345,漫剧品牌C,19.08474,308,0.558983666061706,9.217130323501253e-05,0.9982823675277875
MJ-0549,漫剧品牌H-账号-0549,漫剧品牌H,18.12727,309,0.5607985480943739,8.754712403695025e-05,0.9983699146518245
MJ-0147,漫剧品牌D-账号-0147,漫剧品牌D,17.66756,310,0.5626134301270418,8.532691722196783e-05,0.9984552415690464
MJ-0477,漫剧品牌G-账号-0477,漫剧品牌G,16.49016,311,0.5644283121597096,7.964056821072094e-05,0.9985348821372572
MJ-0144,漫剧品牌D-账号-0144,漫剧品牌D,14.5821,312,0.5662431941923775,7.042543733387389e-05,0.998605307574591
MJ-0551,漫剧品牌F-账号-0551,漫剧品牌F,14.51612,313,0.5680580762250453,7.010678156033722e-05,0.9986754143561514
MJ-0232,漫剧品牌B-账号-0232,漫剧品牌B,14.45069,314,0.5698729582577132,6.979078205651024e-05,0.9987452051382079
MJ-0346,漫剧品牌C-账号-0346,漫剧品牌C,14.22761,315,0.5716878402903811,6.871339906226109e-05,0.9988139185372701
MJ-0008,漫剧品牌D-账号-0008,漫剧品牌D,13.11506,316,0.573502722323049,6.33402483976928e-05,0.9988772587856678
MJ-0053,漫剧品牌C-账号-0053,漫剧品牌C,12.94513,317,0.5753176043557169,6.251955764902524e-05,0.9989397783433168
MJ-0287,漫剧品牌E-账号-0287,漫剧品牌E,12.54952,318,0.5771324863883848,6.0608926994753636e-05,0.9990003872703116
MJ-0512,漫剧品牌D-账号-0512,漫剧品牌D,12.30943,319,0.5789473684210527,5.9449392822755796e-05,0.9990598366631344
MJ-0502,漫剧品牌E-账号-0502,漫剧品牌E,11.90368,320,0.5807622504537205,5.7489790214200144e-05,0.9991173264533486
MJ-0080,漫剧品牌C-账号-0080,漫剧品牌C,10.90001,321,0.5825771324863884,5.2642484360524116e-05,0.9991699689377092
MJ-0528,漫剧品牌F-账号-0528,漫剧品牌F,9.62109,322,0.5843920145190563,4.646583625668187e-05,0.9992164347739658
MJ-0141,漫剧品牌D-账号-0141,漫剧品牌D,9.53299,323,0.5862068965517241,4.6040350145002876e-05,0.9992624751241108
MJ-0483,漫剧品牌G-账号-0483,漫剧品牌G,9.50104,324,0.588021778584392,4.5886045022776496e-05,0.9993083611691336
MJ-0163,漫剧品牌A-账号-0163,漫剧品牌A,8.59741,325,0.5898366606170599,4.152189048138613e-05,0.9993498830596149
MJ-0523,漫剧品牌F-账号-0523,漫剧品牌F,8.41718,326,0.5916515426497277,4.065145504542807e-05,0.9993905345146603
MJ-0052,漫剧品牌C-账号-0052,漫剧品牌C,6.41123,327,0.5934664246823956,3.0963556456069585e-05,0.9994214980711164
MJ-0294,漫剧品牌F-账号-0294,漫剧品牌F,6.33316,328,0.5952813067150635,3.0586511044732704e-05,0.9994520845821611
MJ-0331,漫剧品牌C-账号-0331,漫剧品牌C,5.81439,329,0.5970961887477314,2.8081069158742776e-05,0.9994801656513198
MJ-0499,漫剧品牌H-账号-0499,漫剧品牌H,5.27953,330,0.5989110707803993,2.5497919309791266e-05,0.9995056635706296
MJ-0333,漫剧品牌C-账号-0333,漫剧品牌C,5.02674,331,0.6007259528130672,2.4277049455406097e-05,0.999529940620085
MJ-0339,漫剧品牌C-账号-0339,漫剧品牌C,4.85945,332,0.6025408348457351,2.3469108801345038e-05,0.9995534097288864
MJ-0341,漫剧品牌C-账号-0341,漫剧品牌C,4.48759,333,0.604355716878403,2.1673180702719028e-05,0.9995750829095891
MJ-0539,漫剧品牌F-账号-0539,漫剧品牌F,4.34211,334,0.6061705989110708,2.0970573216600295e-05,0.9995960534828057
MJ-0085,漫剧品牌C-账号-0085,漫剧品牌C,4.01477,335,0.6079854809437386,1.9389658077020245e-05,0.9996154431408827
MJ-0344,漫剧品牌C-账号-0344,漫剧品牌C,3.84972,336,0.6098003629764065,1.8592535685049546e-05,0.9996340356765677
MJ-0051,漫剧品牌C-账号-0051,漫剧品牌C,3.57097,337,0.6116152450090744,1.7246289900367137e-05,0.9996512819664681
MJ-0151,漫剧品牌D-账号-0151,漫剧品牌D,3.42095,338,0.6134301270417423,1.6521756115190258e-05,0.9996678037225833
MJ-0338,漫剧品牌C-账号-0338,漫剧品牌C,3.33179,339,0.6152450090744102,1.6091150647343503e-05,0.9996838948732307
MJ-0247,漫剧品牌C-账号-0247,漫剧品牌C,3.17065,340,0.617059891107078,1.5312911918218037e-05,0.999699207785149
MJ-0272,漫剧品牌C-账号-0272,漫剧品牌C,3.06174,341,0.6188747731397459,1.4786922219887055e-05,0.9997139947073689
MJ-0040,漫剧品牌C-账号-0040,漫剧品牌C,2.9107,342,0.6206896551724138,1.405746226179403e-05,0.9997280521696307
MJ-0252,漫剧品牌F-账号-0252,漫剧品牌F,2.66282,343,0.6225045372050817,1.2860305651544433e-05,0.9997409124752822
MJ-0334,漫剧品牌C-账号-0334,漫剧品牌C,2.64136,344,0.6243194192377496,1.2756662837053727e-05,0.9997536691381192
MJ-0253,漫剧品牌C-账号-0253,漫剧品牌C,2.41001,345,0.6261343012704175,1.1639339205533457e-05,0.9997653084773248
MJ-0249,漫剧品牌B-账号-0249,漫剧品牌B,2.34349,346,0.6279491833030852,1.1318075458100008e-05,0.9997766265527829
MJ-0527,漫剧品牌D-账号-0527,漫剧品牌D,1.84938,347,0.6297640653357531,8.931731046729874e-06,0.9997855582838296
MJ-0336,漫剧品牌C-账号-0336,漫剧品牌C,1.8311,348,0.631578947368421,8.84344630074245e-06,0.9997944017301303
MJ-0389,漫剧品牌A-账号-0389,漫剧品牌A,1.73021,349,0.6333938294010889,8.356189844359999e-06,0.9998027579199747
MJ-0299,漫剧品牌C-账号-0299,漫剧品牌C,1.72592,350,0.6352087114337568,8.335470940624438e-06,0.9998110933909153
MJ-0255,漫剧品牌B-账号-0255,漫剧品牌B,1.65827,351,0.6370235934664247,8.008749766332904e-06,0.9998191021406817
MJ-0448,漫剧品牌B-账号-0448,漫剧品牌B,1.4637,352,0.6388384754990926,7.069058134671358e-06,0.9998261711988163
MJ-0258,漫剧品牌B-账号-0258,漫剧品牌B,1.43785,353,0.6406533575317604,6.9442134583160575e-06,0.9998331154122747
MJ-0033,漫剧品牌C-账号-0033,漫剧品牌C,1.37621,354,0.6424682395644283,6.646518067579469e-06,0.9998397619303423
MJ-0386,漫剧品牌A-账号-0386,漫剧品牌A,1.33149,355,0.6442831215970962,6.430539192275444e-06,0.9998461924695345
MJ-0240,漫剧品牌B-账号-0240,漫剧品牌B,0.92875,356,0.6460980036297641,4.485473623403719e-06,0.999850677943158
MJ-0332,漫剧品牌C-账号-0332,漫剧品牌C,0.9227,357,0.647912885662432,4.456254656597159e-06,0.9998551341978146
MJ-0245,漫剧品牌B-账号-0245,漫剧品牌B,0.89659,358,0.6497277676950998,4.33015428910637e-06,0.9998594643521037
MJ-0522,漫剧品牌D-账号-0522,漫剧品牌D,0.88658,359,0.6515426497277677,4.2818101803900615e-06,0.9998637461622841
MJ-0446,漫剧品牌B-账号-0446,漫剧品牌B,0.87179,360,0.6533575317604355,4.210380673105926e-06,0.9998679565429572
MJ-0383,漫剧品牌A-账号-0383,漫剧品牌A,0.85511,361,0.6551724137931034,4.129823257183047e-06,0.9998720863662144
MJ-0002,漫剧品牌B-账号-0002,漫剧品牌B,0.81865,362,0.6569872958257713,3.953736723337233e-06,0.9998760401029377
MJ-0452,漫剧品牌B-账号-0452,漫剧品牌B,0.80146,363,0.6588021778584392,3.87071622095628e-06,0.9998799108191587
MJ-0214,漫剧品牌B-账号-0214,漫剧品牌B,0.78132,364,0.6606170598911071,3.7734484537688226e-06,0.9998836842676125
MJ-0268,漫剧品牌C-账号-0268,漫剧品牌C,0.71317,365,0.662431941923775,3.444312488832119e-06,0.9998871285801014
MJ-0407,漫剧品牌B-账号-0407,漫剧品牌B,0.68752,366,0.6642468239564429,3.3204337287348857e-06,0.9998904490138302
MJ-0260,漫剧品牌C-账号-0260,漫剧品牌C,0.68575,367,0.6660617059891107,3.311885369850983e-06,0.9998937608992
MJ-0450,漫剧品牌B-账号-0450,漫剧品牌B,0.61865,368,0.6678765880217786,2.987820465269137e-06,0.9998967487196653
MJ-0330,漫剧品牌C-账号-0330,漫剧品牌C,0.56957,369,0.6696914700544465,2.7507846155392264e-06,0.9998994995042808
MJ-0289,漫剧品牌C-账号-0289,漫剧品牌C,0.56754,370,0.6715063520871143,2.7409805655198354e-06,0.9999022404848463
MJ-0335,漫剧品牌C-账号-0335,漫剧品牌C,0.55936,371,0.6733212341197822,2.7014745905648497e-06,0.9999049419594369
MJ-0515,漫剧品牌E-账号-0515,漫剧品牌E,0.4993,372,0.6751361161524501,2.411409938267001e-06,0.9999073533693752
MJ-0032,漫剧品牌C-账号-0032,漫剧品牌C,0.49105,373,0.676950998185118,2.371565892621692e-06,0.9999097249352679
MJ-0516,漫剧品牌D-账号-0516,漫剧品牌D,0.48305,374,0.6787658802177858,2.332929242298968e-06,0.9999120578645102
MJ-0264,漫剧品牌C-账号-0264,漫剧品牌C,0.46571,375,0.6805807622504537,2.2491843027244643e-06,0.9999143070488129
MJ-0445,漫剧品牌D-账号-0445,漫剧品牌D,0.44,376,0.6823956442831216,2.1250157677498106e-06,0.9999164320645807
MJ-0337,漫剧品牌C-账号-0337,漫剧品牌C,0.40101,377,0.6842105263157895,1.936710393239435e-06,0.999918368774974
MJ-0295,漫剧品牌C-账号-0295,漫剧品牌C,0.39893,378,0.6860254083484574,1.9266648641555273e-06,0.9999202954398382
MJ-0392,漫剧品牌A-账号-0392,漫剧品牌A,0.36861,379,0.6878402903811253,1.7802319594324037e-06,0.9999220756717976
MJ-0262,漫剧品牌B-账号-0262,漫剧品牌B,0.36595,380,0.6896551724137931,1.767385273200098e-06,0.9999238430570708
MJ-0343,漫剧品牌C-账号-0343,漫剧品牌C,0.34614,381,0.691470054446461,1.6717112678384533e-06,0.9999255147683387
MJ-0178,漫剧品牌A-账号-0178,漫剧品牌A,0.32605,382,0.6932849364791288,1.574684979715513e-06,0.9999270894533184
MJ-0246,漫剧品牌B-账号-0246,漫剧品牌B,0.32583,383,0.6950998185117967,1.573622471831638e-06,0.9999286630757903
MJ-0265,漫剧品牌B-账号-0265,漫剧品牌B,0.32121,384,0.6969147005444646,1.551309806270265e-06,0.9999302143855966
MJ-0342,漫剧品牌C-账号-0342,漫剧品牌C,0.31267,385,0.6987295825771325,1.5100651820507575e-06,0.9999317244507786
MJ-0243,漫剧品牌B-账号-0243,漫剧品牌B,0.30019,386,0.7005444646098004,1.4497920075473082e-06,0.9999331742427862
MJ-0266,漫剧品牌B-账号-0266,漫剧品牌B,0.29194,387,0.7023593466424682,1.409947961901999e-06,0.9999345841907481
MJ-0047,漫剧品牌B-账号-0047,漫剧品牌B,0.26061,388,0.7041742286751361,1.258637180075632e-06,0.9999358428279281
MJ-0401,漫剧品牌B-账号-0401,漫剧品牌B,0.25871,389,0.705989110707804,1.249460975623985e-06,0.9999370922889037
MJ-0221,漫剧品牌B-账号-0221,漫剧品牌B,0.25845,390,0.7078039927404719,1.2482052844884967e-06,0.9999383404941882
MJ-0388,漫剧品牌B-账号-0388,漫剧品牌B,0.25092,391,0.7096188747731398,1.2118385373722328e-06,0.9999395523327256
MJ-0175,漫剧品牌A-账号-0175,漫剧品牌A,0.24693,392,0.7114337568058077,1.1925685080237744e-06,0.9999407449012336
MJ-0031,漫剧品牌B-账号-0031,漫剧品牌B,0.24325,393,0.7132486388384754,1.1747956488753214e-06,0.9999419196968825
MJ-0184,漫剧品牌A-账号-0184,漫剧品牌A,0.24245,394,0.7150635208711433,1.1709319838430489e-06,0.9999430906288663
MJ-0391,漫剧品牌B-账号-0391,漫剧品牌B,0.24239,395,0.7168784029038112,1.1706422089656284e-06,0.9999442612710753
MJ-0007,漫剧品牌B-账号-0007,漫剧品牌B,0.22591,396,0.7186932849364791,1.0910507093008174e-06,0.9999453523217846
MJ-0254,漫剧品牌B-账号-0254,漫剧品牌B,0.22496,397,0.720508166969147,1.086462607074994e-06,0.9999464387843917
MJ-0024,漫剧品牌B-账号-0024,漫剧品牌B,0.22333,398,0.7223230490018149,1.078590389571739e-06,0.9999475173747813
MJ-0034,漫剧品牌B-账号-0034,漫剧品牌B,0.21291,399,0.7241379310344828,1.0282661525263912e-06,0.9999485456409338
MJ-0291,漫剧品牌C-账号-0291,漫剧品牌C,0.21191,400,0.7259528130671506,1.0234365712360507e-06,0.9999495690775051
MJ-0478,漫剧品牌G-账号-0478,漫剧品牌G,0.20913,401,0.7277676950998185,1.0100103352489042e-06,0.9999505790878404
MJ-0443,漫剧品牌B-账号-0443,漫剧品牌B,0.20763,402,0.7295825771324864,1.0027659633133936e-06,0.9999515818538036
MJ-0416,漫剧品牌B-账号-0416,漫剧品牌B,0.20739,403,0.7313974591651543,1.0016068638037117e-06,0.9999525834606674
MJ-0438,漫剧品牌B-账号-0438,漫剧品牌B,0.20311,404,0.7332123411978222,9.809362558810546e-07,0.9999535643969233
MJ-0420,漫剧品牌B-账号-0420,漫剧品牌B,0.20204,405,0.73502722323049,9.757686039003903e-07,0.9999545401655272
MJ-0256,漫剧品牌B-账号-0256,漫剧品牌B,0.20094,406,0.7368421052631579,9.704560644810158e-07,0.9999555106215917
MJ-0380,漫剧品牌A-账号-0380,漫剧品牌A,0.19981,407,0.7386569872958257,9.64998637622931e-07,0.9999564756202294
MJ-0016,漫剧品牌B-账号-0016,漫剧品牌B,0.19915,408,0.7404718693284936,9.618111139713063e-07,0.9999574374313434
MJ-0261,漫剧品牌B-账号-0261,漫剧品牌B,0.19847,409,0.7422867513611615,9.585269986938747e-07,0.999958395958342
MJ-0402,漫剧品牌B-账号-0402,漫剧品牌B,0.1965,410,0.7441016333938294,9.49012723551904e-07,0.9999593449710655
MJ-0027,漫剧品牌B-账号-0027,漫剧品牌B,0.19629,411,0.7459165154264973,9.479985114809325e-07,0.999960292969577
MJ-0382,漫剧品牌B-账号-0382,漫剧品牌B,0.19425,412,0.7477313974591652,9.38146165648638e-07,0.9999612311157426
MJ-0259,漫剧品牌B-账号-0259,漫剧品牌B,0.1933,413,0.7495462794918331,9.335580634228145e-07,0.999962164673806
MJ-0050,漫剧品牌B-账号-0050,漫剧品牌B,0.18775,414,0.7513611615245009,9.067538872614248e-07,0.9999630714276934
MJ-0056,漫剧品牌B-账号-0056,漫剧品牌B,0.18442,415,0.7531760435571688,8.90671381564591e-07,0.9999639620990749
MJ-0185,漫剧品牌A-账号-0185,漫剧品牌A,0.18275,416,0.7549909255898367,8.826059808097224e-07,0.9999648447050558
MJ-0026,漫剧品牌B-账号-0026,漫剧品牌B,0.17444,417,0.7568058076225045,8.424721602869931e-07,0.999965687177216
MJ-0406,漫剧品牌B-账号-0406,漫剧品牌B,0.17307,418,0.7586206896551724,8.358556339192266e-07,0.9999665230328499
MJ-0447,漫剧品牌B-账号-0447,漫剧品牌B,0.17255,419,0.7604355716878403,8.333442516482496e-07,0.9999673563771015
MJ-0417,漫剧品牌B-账号-0417,漫剧品牌B,0.1701,420,0.7622504537205081,8.215117774869153e-07,0.999968177888879
MJ-0174,漫剧品牌A-账号-0174,漫剧品牌A,0.16839,421,0.764065335753176,8.132531934804332e-07,0.9999689911420725
MJ-0173,漫剧品牌A-账号-0173,漫剧品牌A,0.1671,422,0.7658802177858439,8.070230336158939e-07,0.9999697981651061
MJ-0409,漫剧品牌D-账号-0409,漫剧品牌D,0.1667,423,0.7676950998185118,8.050912010997577e-07,0.9999706032563073
MJ-0023,漫剧品牌B-账号-0023,漫剧品牌B,0.16068,424,0.7695099818511797,7.760171217319081e-07,0.999971379273429
MJ-0390,漫剧品牌B-账号-0390,漫剧品牌B,0.15684,425,0.7713248638838476,7.574715295770007e-07,0.9999721367449587
MJ-0463,漫剧品牌H-账号-0463,漫剧品牌H,0.15114,426,0.7731397459165155,7.299429162220599e-07,0.9999728666878749
MJ-0418,漫剧品牌D-账号-0418,漫剧品牌D,0.13831,427,0.7749546279491834,6.679793882669915e-07,0.9999735346672631
MJ-0213,漫剧品牌B-账号-0213,漫剧品牌B,0.13804,428,0.7767695099818511,6.666754013185996e-07,0.9999742013426645
MJ-0218,漫剧品牌B-账号-0218,漫剧品牌B,0.1367,429,0.778584392014519,6.602037623895433e-07,0.9999748615464269
MJ-0037,漫剧品牌B-账号-0037,漫剧品牌B,0.13537,430,0.7803992740471869,6.537804192733905e-07,0.9999755153268461
MJ-0038,漫剧品牌B-账号-0038,漫剧品牌B,0.13411,431,0.7822141560798548,6.476951468475616e-07,0.999976163021993
MJ-0412,漫剧品牌B-账号-0412,漫剧品牌B,0.13314,432,0.7840290381125227,6.430104529959313e-07,0.999976806032446
MJ-0251,漫剧品牌B-账号-0251,漫剧品牌B,0.13099,433,0.7858439201451906,6.326268532216992e-07,0.9999774386592992
MJ-0519,漫剧品牌D-账号-0519,漫剧品牌D,0.13049,434,0.7876588021778584,6.30212062576529e-07,0.9999780688713618
MJ-0014,漫剧品牌B-账号-0014,漫剧品牌B,0.12904,435,0.7894736842105263,6.232091697055353e-07,0.9999786920805315
MJ-0030,漫剧品牌B-账号-0030,漫剧品牌B,0.12808,436,0.7912885662431942,6.185727716668085e-07,0.9999793106533031
MJ-0381,漫剧品牌A-账号-0381,漫剧品牌A,0.1266,437,0.7931034482758621,6.114249913571045e-07,0.9999799220782944
MJ-0019,漫剧品牌B-账号-0019,漫剧品牌B,0.12488,438,0.79491833030853,6.03118111537719e-07,0.999980525196406
MJ-0400,漫剧品牌B-账号-0400,漫剧品牌B,0.1247,439,0.7967332123411979,6.022487869054577e-07,0.999981127445193
MJ-0428,漫剧品牌B-账号-0428,漫剧品牌B,0.12263,440,0.7985480943738656,5.922515536344529e-07,0.9999817196967467
MJ-0043,漫剧品牌B-账号-0043,漫剧品牌B,0.1226,441,0.8003629764065335,5.921066661957427e-07,0.9999823118034128
MJ-0181,漫剧品牌A-账号-0181,漫剧品牌A,0.11987,442,0.8021778584392014,5.789219092731132e-07,0.9999828907253221
MJ-0022,漫剧品牌B-账号-0022,漫剧品牌B,0.11701,443,0.8039927404718693,5.651093067827394e-07,0.9999834558346289
MJ-0180,漫剧品牌A-账号-0180,漫剧品牌A,0.11215,444,0.8058076225045372,5.416375417116847e-07,0.9999839974721706
MJ-0041,漫剧品牌B-账号-0041,漫剧品牌B,0.11001,445,0.8076225045372051,5.313022377503561e-07,0.9999845287744084
MJ-0403,漫剧品牌D-账号-0403,漫剧品牌D,0.10973,446,0.809437386569873,5.299499549890606e-07,0.9999850587243634
MJ-0054,漫剧品牌B-账号-0054,漫剧品牌B,0.10905,447,0.8112522686025408,5.266658397116292e-07,0.9999855853902031
MJ-0237,漫剧品牌B-账号-0237,漫剧品牌B,0.10817,448,0.8130671506352087,5.224158081761295e-07,0.9999861078060113
MJ-0188,漫剧品牌A-账号-0188,漫剧品牌A,0.10791,449,0.8148820326678766,5.21160117040641e-07,0.9999866289661283
MJ-0231,漫剧品牌B-账号-0231,漫剧品牌B,0.10226,450,0.8166969147005445,4.938729827502174e-07,0.9999871228391111
MJ-0426,漫剧品牌B-账号-0426,漫剧品牌B,0.10008,451,0.8185117967332124,4.83344495537275e-07,0.9999876061836066
MJ-0029,漫剧品牌C-账号-0029,漫剧品牌C,0.0974,452,0.8203266787658802,4.704012176791626e-07,0.9999880765848242
MJ-0432,漫剧品牌D-账号-0432,漫剧品牌D,0.0964,453,0.822141560798548,4.655716363888221e-07,0.9999885421564606
MJ-0415,漫剧品牌B-账号-0415,漫剧品牌B,0.09615,454,0.8239564428312159,4.64364241066237e-07,0.9999890065207017
MJ-0200,漫剧品牌B-账号-0200,漫剧品牌B,0.09608,455,0.8257713248638838,4.6402617037591315e-07,0.999989470546872
MJ-0394,漫剧品牌B-账号-0394,漫剧品牌B,0.09408,456,0.8275862068965517,4.543670077952322e-07,0.9999899249138798
MJ-0183,漫剧品牌G-账号-0183,漫剧品牌G,0.0932,457,0.8294010889292196,4.501169762597326e-07,0.9999903750308561
MJ-0397,漫剧品牌B-账号-0397,漫剧品牌B,0.093,458,0.8312159709618875,4.491510600016645e-07,0.9999908241819161
MJ-0385,漫剧品牌B-账号-0385,漫剧品牌B,0.08986,459,0.8330308529945554,4.3398617474999535e-07,0.9999912581680909
MJ-0384,漫剧品牌A-账号-0384,漫剧品牌A,0.08667,460,0.8348457350272233,4.1857981043380923e-07,0.9999916767479013
MJ-0046,漫剧品牌B-账号-0046,漫剧品牌B,0.08316,461,0.8366606170598911,4.016279801047142e-07,0.9999920783758814
MJ-0209,漫剧品牌B-账号-0209,漫剧品牌B,0.07635,462,0.838475499092559,3.6873853151749554e-07,0.9999924471144129
MJ-0248,漫剧品牌B-账号-0248,漫剧品牌B,0.07544,463,0.8402903811252269,3.643436125432857e-07,0.9999928114580254
MJ-0164,漫剧品牌A-账号-0164,漫剧品牌A,0.07013,464,0.8421052631578947,3.3869853589157774e-07,0.9999931501565613
MJ-0177,漫剧品牌A-账号-0177,漫剧品牌A,0.06721,465,0.8439201451905626,3.245961585237836e-07,0.9999934747527198
MJ-0045,漫剧品牌C-账号-0045,漫剧品牌C,0.06664,466,0.8457350272232305,3.218432971882895e-07,0.9999937965960171
MJ-0506,漫剧品牌E-账号-0506,漫剧品牌E,0.06634,467,0.8475499092558983,3.203944228011873e-07,0.9999941169904398
MJ-0235,漫剧品牌B-账号-0235,漫剧品牌B,0.06129,468,0.8493647912885662,2.960050372849679e-07,0.9999944129954771
MJ-0269,漫剧品牌B-账号-0269,漫剧品牌B,0.0602,469,0.8511796733212341,2.907407936784968e-07,0.9999947037362708
MJ-0424,漫剧品牌A-账号-0424,漫剧品牌A,0.05827,470,0.852994555353902,2.8141970178813966e-07,0.9999949851559725
MJ-0205,漫剧品牌B-账号-0205,漫剧品牌B,0.05594,471,0.8548094373865699,2.7016677738164636e-07,0.9999952553227499
MJ-0444,漫剧品牌B-账号-0444,漫剧品牌B,0.0548,472,0.8566243194192378,2.646610547106582e-07,0.9999955199838046
MJ-0244,漫剧品牌B-账号-0244,漫剧品牌B,0.05466,473,0.8584392014519057,2.6398491333001054e-07,0.999995783968718
MJ-0395,漫剧品牌A-账号-0395,漫剧品牌A,0.04971,474,0.8602540834845736,2.4007848594282515e-07,0.999996024047204
MJ-0422,漫剧品牌A-账号-0422,漫剧品牌A,0.04779,475,0.8620689655172413,2.3080568986537147e-07,0.9999962548528939
MJ-0435,漫剧品牌B-账号-0435,漫剧品牌B,0.04318,476,0.8638838475499092,2.0854132011690186e-07,0.999996463394214
MJ-0318,漫剧品牌C-账号-0318,漫剧品牌C,0.04218,477,0.8656987295825771,2.037117388265614e-07,0.9999966671059528
MJ-0369,漫剧品牌C-账号-0369,漫剧品牌C,0.04185,478,0.867513611615245,2.0211797700074902e-07,0.9999968692239298
MJ-0404,漫剧品牌A-账号-0404,漫剧品牌A,0.04093,479,0.8693284936479129,1.9767476221363578e-07,0.999997066898692
MJ-0049,漫剧品牌C-账号-0049,漫剧品牌C,0.03889,480,0.8711433756805808,1.8782241638134122e-07,0.9999972547211085
MJ-0411,漫剧品牌B-账号-0411,漫剧品牌B,0.03726,481,0.8729582577132486,1.7995019887808623e-07,0.9999974346713073
MJ-0365,漫剧品牌C-账号-0365,漫剧品牌C,0.03676,482,0.8747731397459165,1.77535408232916e-07,0.9999976122067156
MJ-0012,漫剧品牌B-账号-0012,漫剧品牌B,0.03081,483,0.8765880217785844,1.4879939955539013e-07,0.9999977610061151
MJ-0491,漫剧品牌E-账号-0491,漫剧品牌E,0.02903,484,0.8784029038112523,1.402027448585841e-07,0.99999790120886
MJ-0117,漫剧品牌C-账号-0117,漫剧品牌C,0.02866,485,0.8802177858439202,1.384157997811581e-07,0.9999980396246598
MJ-0352,漫剧品牌C-账号-0352,漫剧品牌C,0.02742,486,0.8820326678765881,1.3242711898113592e-07,0.9999981720517788
MJ-0366,漫剧品牌C-账号-0366,漫剧品牌C,0.02612,487,0.8838475499092558,1.261486633036933e-07,0.9999982982004421
MJ-0219,漫剧品牌G-账号-0219,漫剧品牌G,0.02148,488,0.8856624319419237,1.0373940611651348e-07,0.9999984019398481
MJ-0324,漫剧品牌C-账号-0324,漫剧品牌C,0.02029,489,0.8874773139745916,9.79922043810083e-08,0.9999984999320525
MJ-0328,漫剧品牌C-账号-0328,漫剧品牌C,0.01995,490,0.8892921960072595,9.635014674229254e-08,0.9999985962821992
MJ-0202,漫剧品牌G-账号-0202,漫剧品牌G,0.01948,491,0.8911070780399274,9.408024353583253e-08,0.9999986903624427
MJ-0371,漫剧品牌C-账号-0371,漫剧品牌C,0.01683,492,0.8929219600725953,8.128185311643026e-08,0.9999987716442958
MJ-0439,漫剧品牌D-账号-0439,漫剧品牌D,0.01668,493,0.8947368421052632,8.055741592287918e-08,0.9999988522017118
MJ-0309,漫剧品牌C-账号-0309,漫剧品牌C,0.01559,494,0.896551724137931,7.529317231640806e-08,0.9999989274948842
MJ-0198,漫剧品牌G-账号-0198,漫剧品牌G,0.01526,495,0.8983666061705989,7.36994104905957e-08,0.9999990011942946
MJ-0364,漫剧品牌C-账号-0364,漫剧品牌C,0.01477,496,0.9001814882032668,7.133291565832886e-08,0.9999990725272103
MJ-0222,漫剧品牌G-账号-0222,漫剧品牌G,0.01361,497,0.9019963702359347,6.573060136153391e-08,0.9999991382578117
MJ-0408,漫剧品牌D-账号-0408,漫剧品牌D,0.01298,498,0.9038112522686026,6.268796514861941e-08,0.9999992009457769
MJ-0494,漫剧品牌E-账号-0494,漫剧品牌E,0.01297,499,0.9056261343012704,6.2639669335716e-08,0.9999992635854462
MJ-0410,漫剧品牌A-账号-0410,漫剧品牌A,0.01106,500,0.9074410163339383,5.341516907116569e-08,0.9999993170006153
MJ-0497,漫剧品牌E-账号-0497,漫剧品牌E,0.01032,501,0.9092558983666061,4.9841278916313736e-08,0.9999993668418942
MJ-0316,漫剧品牌C-账号-0316,漫剧品牌C,0.01015,502,0.911070780399274,4.902025009695585e-08,0.9999994158621442
MJ-0236,漫剧品牌G-账号-0236,漫剧品牌G,0.00959,503,0.9128856624319419,4.631568457436519e-08,0.9999994621778289
MJ-0500,漫剧品牌E-账号-0500,漫剧品牌E,0.00957,504,0.9147005444646098,4.621909294855838e-08,0.9999995083969219
MJ-0015,漫剧品牌B-账号-0015,漫剧品牌B,0.00775,505,0.9165154264972777,3.7429255000138704e-08,0.9999995458261769
MJ-0441,漫剧品牌D-账号-0441,漫剧品牌D,0.00775,506,0.9183303085299456,3.7429255000138704e-08,0.9999995832554319
MJ-0017,漫剧品牌C-账号-0017,漫剧品牌C,0.00716,507,0.9201451905626135,3.457980203883782e-08,0.999999617835234
MJ-0393,漫剧品牌A-账号-0393,漫剧品牌A,0.00675,508,0.9219600725952813,3.259967370979823e-08,0.9999996504349077
MJ-0361,漫剧品牌C-账号-0361,漫剧品牌C,0.00654,509,0.9237749546279492,3.158546163882673e-08,0.9999996820203694
MJ-0396,漫剧品牌A-账号-0396,漫剧品牌A,0.00586,510,0.925589836660617,2.83013463613952e-08,0.9999997103217158
MJ-0399,漫剧品牌A-账号-0399,漫剧品牌A,0.00568,511,0.9274047186932849,2.743202172913392e-08,0.9999997377537375
MJ-0186,漫剧品牌A-账号-0186,漫剧品牌A,0.00509,512,0.9292196007259528,2.4582568767833034e-08,0.9999997623363063
MJ-0387,漫剧品牌A-账号-0387,漫剧品牌A,0.00487,513,0.9310344827586207,2.3520060883958132e-08,0.9999997858563672
MJ-0398,漫剧品牌D-账号-0398,漫剧品牌D,0.00469,514,0.9328493647912885,2.2650736251696844e-08,0.9999998085071035
MJ-0363,漫剧品牌C-账号-0363,漫剧品牌C,0.00424,515,0.9346642468239564,2.0477424671043626e-08,0.9999998289845281
MJ-0312,漫剧品牌C-账号-0312,漫剧品牌C,0.00389,516,0.9364791288566243,1.8787071219424458e-08,0.9999998477715993
MJ-0241,漫剧品牌G-账号-0241,漫剧品牌G,0.00368,517,0.9382940108892922,1.777285914845296e-08,0.9999998655444585
MJ-0320,漫剧品牌C-账号-0320,漫剧品牌C,0.00359,518,0.9401088929219601,1.7338196832322317e-08,0.9999998828826554
MJ-0193,漫剧品牌A-账号-0193,漫剧品牌A,0.00303,519,0.941923774954628,1.463363130973165e-08,0.9999998975162867
MJ-0227,漫剧品牌G-账号-0227,漫剧品牌G,0.00303,520,0.9437386569872959,1.463363130973165e-08,0.999999912149918
MJ-0413,漫剧品牌D-账号-0413,漫剧品牌D,0.00277,521,0.9455535390199638,1.3377940174243124e-08,0.9999999255278582
MJ-0368,漫剧品牌C-账号-0368,漫剧品牌C,0.00231,522,0.9473684210526315,1.1156332780686505e-08,0.999999936684191
MJ-0405,漫剧品牌A-账号-0405,漫剧品牌A,0.00222,523,0.9491833030852994,1.0721670464555862e-08,0.9999999474058614
MJ-0423,漫剧品牌A-账号-0423,漫剧品牌A,0.00195,524,0.9509981851179673,9.417683516163932e-09,0.9999999568235449
MJ-0436,漫剧品牌D-账号-0436,漫剧品牌D,0.00156,525,0.9528130671506352,7.534146812931146e-09,0.9999999643576918
MJ-0179,漫剧品牌G-账号-0179,漫剧品牌G,0.00146,526,0.9546279491833031,7.051188683897098e-09,0.9999999714088804
MJ-0433,漫剧品牌A-账号-0433,漫剧品牌A,0.00136,527,0.956442831215971,6.5682305548630514e-09,0.9999999779771109
MJ-0421,漫剧品牌D-账号-0421,漫剧品牌D,0.00123,528,0.9582577132486388,5.940384987118788e-09,0.9999999839174959
MJ-0314,漫剧品牌C-账号-0314,漫剧品牌C,0.00116,529,0.9600725952813067,5.602314296794955e-09,0.9999999895198102
MJ-0182,漫剧品牌A-账号-0182,漫剧品牌A,0.00091,530,0.9618874773139746,4.394918974209835e-09,0.9999999939147292
MJ-0414,漫剧品牌A-账号-0414,漫剧品牌A,0.00066,531,0.9637023593466425,3.1875236516247156e-09,0.9999999971022528
MJ-0189,漫剧品牌A-账号-0189,漫剧品牌A,0.00034,532,0.9655172413793104,1.6420576387157629e-09,0.9999999987443104
MJ-0419,漫剧品牌A-账号-0419,漫剧品牌A,0.00015,533,0.9673321234119783,7.244371935510717e-10,0.9999999994687476
MJ-0308,漫剧品牌C-账号-0308,漫剧品牌C,0.00011,534,0.969147005444646,5.312539419374526e-10,1.0000000000000016
MJ-0011,漫剧品牌F-账号-0011,漫剧品牌F,0.0,535,0.9709618874773139,0.0,1.0000000000000016
MJ-0013,漫剧品牌F-账号-0013,漫剧品牌F,0.0,536,0.9727767695099818,0.0,1.0000000000000016
MJ-0064,漫剧品牌C-账号-0064,漫剧品牌C,0.0,537,0.9745916515426497,0.0,1.0000000000000016
MJ-0091,漫剧品牌C-账号-0091,漫剧品牌C,0.0,538,0.9764065335753176,0.0,1.0000000000000016
MJ-0263,漫剧品牌C-账号-0263,漫剧品牌C,0.0,539,0.9782214156079855,0.0,1.0000000000000016
MJ-0279,漫剧品牌C-账号-0279,漫剧品牌C,0.0,540,0.9800362976406534,0.0,1.0000000000000016
MJ-0305,漫剧品牌F-账号-0305,漫剧品牌F,0.0,541,0.9818511796733213,0.0,1.0000000000000016
MJ-0306,漫剧品牌C-账号-0306,漫剧品牌C,0.0,542,0.9836660617059891,0.0,1.0000000000000016
MJ-0379,漫剧品牌D-账号-0379,漫剧品牌D,0.0,543,0.985480943738657,0.0,1.0000000000000016
MJ-0461,漫剧品牌C-账号-0461,漫剧品牌C,0.0,544,0.9872958257713249,0.0,1.0000000000000016
MJ-0462,漫剧品牌F-账号-0462,漫剧品牌F,0.0,545,0.9891107078039928,0.0,1.0000000000000016
MJ-0468,漫剧品牌F-账号-0468,漫剧品牌F,0.0,546,0.9909255898366606,0.0,1.0000000000000016
MJ-0475,漫剧品牌F-账号-0475,漫剧品牌F,0.0,547,0.9927404718693285,0.0,1.0000000000000016
MJ-0513,漫剧品牌C-账号-0513,漫剧品牌C,0.0,548,0.9945553539019963,0.0,1.0000000000000016
MJ-0535,漫剧品牌F-账号-0535,漫剧品牌F,0.0,549,0.9963702359346642,0.0,1.0000000000000016
MJ-0541,漫剧品牌F-账号-0541,漫剧品牌F,0.0,550,0.9981851179673321,0.0,1.0000000000000016
MJ-0548,漫剧品牌F-账号-0548,漫剧品牌F,0.0,551,1.0,0.0,1.0000000000000016
